{"cameraMode":{"drawMode":0,"name":"Shaded","section":"Shading Mode"},"sceneLighting":true,"audioPlay":false,"sceneViewState":{"m_AlwaysRefresh":false,"showFog":true,"showSkybox":true,"showFlares":true,"showImageEffects":true,"showParticleSystems":true,"showVisualEffectGraphs":true,"m_FxEnabled":true},"in2DMode":false,"pivot":{"x":112.55411529541016,"y":16.645830154418947,"z":-41.733375549316409},"rotation":{"x":-0.1205572634935379,"y":0.027697527781128885,"z":-0.0033951762598007919,"w":-0.9923312664031982},"size":4.567890167236328,"orthographic":false}