{"cameraMode":{"drawMode":0,"name":"Shaded","section":"Shading Mode"},"sceneLighting":true,"audioPlay":false,"sceneViewState":{"m_AlwaysRefresh":false,"showFog":true,"showSkybox":true,"showFlares":true,"showImageEffects":true,"showParticleSystems":true,"showVisualEffectGraphs":true,"m_FxEnabled":true},"in2DMode":false,"pivot":{"x":101.33362579345703,"y":12.142805099487305,"z":-101.3821029663086},"rotation":{"x":-0.06210893765091896,"y":0.8069499135017395,"z":-0.08626662194728852,"w":-0.5809755325317383},"size":19.896583557128908,"orthographic":false}